-- MySQL dump 10.13  Distrib 5.5.25a, for Win32 (x86)
--
-- Host: localhost    Database: mfi-timekeeping
-- ------------------------------------------------------
-- Server version	5.5.25a

/*!40101 SET @OLD_CHARACTER_SET_CLIENT=@@CHARACTER_SET_CLIENT */;
/*!40101 SET @OLD_CHARACTER_SET_RESULTS=@@CHARACTER_SET_RESULTS */;
/*!40101 SET @OLD_COLLATION_CONNECTION=@@COLLATION_CONNECTION */;
/*!40101 SET NAMES utf8 */;
/*!40103 SET @OLD_TIME_ZONE=@@TIME_ZONE */;
/*!40103 SET TIME_ZONE='+00:00' */;
/*!40014 SET @OLD_UNIQUE_CHECKS=@@UNIQUE_CHECKS, UNIQUE_CHECKS=0 */;
/*!40014 SET @OLD_FOREIGN_KEY_CHECKS=@@FOREIGN_KEY_CHECKS, FOREIGN_KEY_CHECKS=0 */;
/*!40101 SET @OLD_SQL_MODE=@@SQL_MODE, SQL_MODE='NO_AUTO_VALUE_ON_ZERO' */;
/*!40111 SET @OLD_SQL_NOTES=@@SQL_NOTES, SQL_NOTES=0 */;

--
-- Table structure for table `department`
--

DROP TABLE IF EXISTS `department`;
/*!40101 SET @saved_cs_client     = @@character_set_client */;
/*!40101 SET character_set_client = utf8 */;
CREATE TABLE `department` (
  `code` char(10) NOT NULL,
  `descriptor` char(40) NOT NULL,
  `id` char(32) NOT NULL DEFAULT '',
  PRIMARY KEY (`id`),
  UNIQUE KEY `CODE` (`code`),
  KEY `DESCRIPTOR` (`descriptor`)
) ENGINE=InnoDB DEFAULT CHARSET=utf8;
/*!40101 SET character_set_client = @saved_cs_client */;

--
-- Dumping data for table `department`
--

LOCK TABLES `department` WRITE;
/*!40000 ALTER TABLE `department` DISABLE KEYS */;
/*!40000 ALTER TABLE `department` ENABLE KEYS */;
UNLOCK TABLES;

--
-- Table structure for table `employee`
--

DROP TABLE IF EXISTS `employee`;
/*!40101 SET @saved_cs_client     = @@character_set_client */;
/*!40101 SET character_set_client = utf8 */;
CREATE TABLE `employee` (
  `code` char(10) NOT NULL DEFAULT '',
  `lastname` char(30) NOT NULL DEFAULT '',
  `firstname` char(30) NOT NULL DEFAULT '',
  `middlename` char(30) NOT NULL DEFAULT '',
  `position` char(30) DEFAULT NULL,
  `rate` decimal(10,2) DEFAULT '0.00',
  `deptid` char(32) NOT NULL DEFAULT '',
  `shiftid` char(32) NOT NULL DEFAULT '',
  `punching` tinyint(4) unsigned NOT NULL DEFAULT '0',
  `processing` tinyint(4) unsigned NOT NULL DEFAULT '0',
  `address` char(120) DEFAULT '',
  `phone` char(30) DEFAULT '',
  `fax` char(30) DEFAULT '',
  `mobile` char(30) DEFAULT '',
  `email` char(120) DEFAULT '',
  `birthday` date DEFAULT NULL,
  `picfile` blob,
  `rfid` char(10) NOT NULL DEFAULT '',
  `id` char(32) NOT NULL DEFAULT '',
  PRIMARY KEY (`id`),
  UNIQUE KEY `CODE` (`code`),
  KEY `RFID` (`rfid`),
  KEY `FULLNAME` (`lastname`,`firstname`,`middlename`),
  KEY `DEPARTMENTID` (`deptid`),
  KEY `SHIFTID` (`shiftid`)
) ENGINE=InnoDB DEFAULT CHARSET=utf8;
/*!40101 SET character_set_client = @saved_cs_client */;

--
-- Dumping data for table `employee`
--

LOCK TABLES `employee` WRITE;
/*!40000 ALTER TABLE `employee` DISABLE KEYS */;
INSERT INTO `employee` VALUES ('0022','Cabada','Jonelle','R','Marketing Assistant',0.00,'','',0,0,'','','','','',NULL,NULL,'0002018297','0102E18BB0D811E3A0ECC0188508F93C'),('0011','Velez','Monica','P','Design Consultant',0.00,'','',0,0,'','','','','',NULL,NULL,'0002338605','0713F534B0D611E3A0ECC0188508F93C'),('0010','Noriega','Rosita','R','Purchaser',0.00,'','',0,0,'','','','','',NULL,NULL,'0002349903','0B0C485AB0D511E3A0ECC0188508F93C'),('0034','Lino','Edward','D','Installer',0.00,'','',0,0,'','','','','',NULL,NULL,'0002003777','0E7A6066B0D711E3A0ECC0188508F93C'),('08-0476','Salunga','Jefferson','Raga','IT Staff',0.00,'','',0,0,'','','','','',NULL,NULL,'07587434','10A782CFECEA11E28649235D6C08DF49'),('0020','Cabada','May Anne','R','Production Staff',0.00,'','',0,0,'','','','','',NULL,NULL,'0002012861','1807056DB0D811E3A0ECC0188508F93C'),('0013','Cariaga','Stevie Rogienson','D','Aluminum Fabricator',0.00,'','',0,0,'','','','','',NULL,NULL,'0002333804','19A04526A5C311E385D3C0188508F93C'),('0014','Lu','Susan','C','Accounting',0.00,'','',0,0,'','','','','',NULL,NULL,'0002348861','21EE0211B0D511E3A0ECC0188508F93C'),('0018','Malicdem','Edian','O','Multiple Boring Operator',0.00,'','',0,0,'','','','','',NULL,NULL,'0002351242','27C819F9A5C211E385D3C0188508F93C'),('0050','Flores','Ailyn','P','Inventory Controller',0.00,'','',0,0,'','','','','',NULL,NULL,'0002009221','2F83C260A5BF11E385D3C0188508F93C'),('008','Belando Jr','Joses','B','Quantity Surveyor',0.00,'','',0,0,'','','','','',NULL,NULL,'0002016203','33E9884FB0D811E3A0ECC0188508F93C'),('0004','Tan','Steve','C','Maintainance Supervisor',0.00,'','',0,0,'','','','','',NULL,NULL,'0002009581','34E91606A5C311E385D3C0188508F93C'),('0026','Galgo','Larry','D','Installer',0.00,'','',0,0,'','','','','',NULL,NULL,'0002335251','39F8BB6BA5C211E385D3C0188508F93C'),('0045','Galang','Rene','S','Installer',0.00,'','',0,0,'','','','','',NULL,NULL,'0001997483','3C0E9E9DB0D711E3A0ECC0188508F93C'),('0024','Magugat','Emmanuel','S','Project Coordinator',0.00,'','',0,0,'','','','','',NULL,NULL,'0002002534','3C28B0CFB0D511E3A0ECC0188508F93C'),('0030','Santos','Divina','G','Design Consultant',0.00,'','',0,0,'','','','','',NULL,NULL,'0002017305','4D0BB637B0D711E3A0ECC0188508F93C'),('0025','Lumiguid','Sonny','L','Postforming Operator',0.00,'','',0,0,'','','','','',NULL,NULL,'0002357245','513FE18CA5C211E385D3C0188508F93C'),('0021','Ortega Jr','Mariano','V','Project Coordinator',0.00,'','',0,0,'','','','','',NULL,NULL,'0002346912','55CE7294B0D511E3A0ECC0188508F93C'),('08-0478','Lim','Dennis','Lim','IT Head',0.00,'','',0,0,'','','','','',NULL,NULL,'7877363763','6114BD25A5BE11E385D3C0188508F93C'),('0052','Brequillo','Benjie','A','CAD Operator',0.00,'','',0,0,'','','','','',NULL,NULL,'0002012162','65CBC7C0B0D711E3A0ECC0188508F93C'),('0019','Mercado','Dennis','A','Driver',0.00,'','',0,0,'','','','','',NULL,NULL,'0002329961','6A1EC3BBA5C211E385D3C0188508F93C'),('0039','Macabale','Michael','E','Quantity Surveyor',0.00,'','',0,0,'','','','','',NULL,NULL,'0002331236','782712CCB0D511E3A0ECC0188508F93C'),('0027','Garcia','Donald','T','Quality Controller',0.00,'','',0,0,'','','','','',NULL,NULL,'0002336123','86B54768A5C211E385D3C0188508F93C'),('0047','Loyola','Celino','R','Quality Controller',0.00,'','',0,0,'','','','','',NULL,NULL,'0002011424','898B648CB0D711E3A0ECC0188508F93C'),('0016','Galaso','Ryan','O','Homag Operator',0.00,'','',0,0,'','','','','',NULL,NULL,'0002357039','8C774A47A5C111E385D3C0188508F93C'),('0042','Dela Cruz','Nelsy','C','Project Coordinator',0.00,'','',0,0,'','','','','',NULL,NULL,'0002020015','956E6377B0D611E3A0ECC0188508F93C'),('0029','Lopez','Roger','T','Plant Manager',0.00,'','',0,0,'','','','','',NULL,NULL,'0002356896','99265B80A5C211E385D3C0188508F93C'),('0005','Gomez','Enrico','B','Design Consultant',0.00,'','',0,0,'','','','','',NULL,NULL,'0002011548','A21BD4C5B0D511E3A0ECC0188508F93C'),('0056','Olivar Jr','Alfredo','X','Design Consultant',0.00,'','',0,0,'','','','','',NULL,NULL,'0002002621','B0C580CCB0D611E3A0ECC0188508F93C'),('0035','Diaz','Jonathan','I','Asst Material Controller',0.00,'','',0,0,'','','','','',NULL,NULL,'0002349609','B2A25569A5C111E385D3C0188508F93C'),('0043','Araullo','Joselito','R','Project Coordinator',0.00,'','',0,0,'','','','','',NULL,NULL,'0002015069','B2AD1BA6B0D711E3A0ECC0188508F93C'),('0044','Cuenco','Dizon','E','Installer',0.00,'','',0,0,'','','','','',NULL,NULL,'0002345456','B4AE6792A5C211E385D3C0188508F93C'),('0057','Javarro','Bovie','P','Project Coordinator',0.00,'','',0,0,'','','','','',NULL,NULL,'0002002364','B98BF826B0D511E3A0ECC0188508F93C'),('0037','Pat-Angay','Jojie','B','Installer',0.00,'','',0,0,'','','','','',NULL,NULL,'0002009260','BD589EF4B0D411E3A0ECC0188508F93C'),('0036','Sembrano','Randy','C','Panel Saw Operator',0.00,'','',0,0,'','','','','',NULL,NULL,'0002339376','CBBE8D92A5C211E385D3C0188508F93C'),('0033','Pinoy Jr','Joselito','M','Project Coordinator',0.00,'','',0,0,'','','','','',NULL,NULL,'0002008821','D00C1D3EB0D711E3A0ECC0188508F93C'),('0015','Debalusco','Arnold','C','Panel Saw Operator',0.00,'','',0,0,'','','','','',NULL,NULL,'0002347877','D02DFC8CA5C111E385D3C0188508F93C'),('0002','Quiachon','Marites','C','Executive Assistant',0.00,'','',0,0,'','','','','',NULL,NULL,'0009688332','D98FE5A6B0D511E3A0ECC0188508F93C'),('0055','Manila','Denmar','B','Installer',0.00,'','',0,0,'','','','','',NULL,NULL,'0002001757','D9E75C1CB0D411E3A0ECC0188508F93C'),('0023','Azuelo','Jimmy','A','Project Coordinator',0.00,'','',0,0,'','','','','',NULL,NULL,'0001992890','E27C338FB0D711E3A0ECC0188508F93C'),('0009','Escat','Mely','G','Expiditer / Dispatcher',0.00,'','',0,0,'','','','','',NULL,NULL,'0002336244','E4D8125BA5C211E385D3C0188508F93C'),('0017','Ortiz Luis','Rigor','I','Holtzher Edgeband',0.00,'','',0,0,'','','','','',NULL,NULL,'0002352398','EF1A4568A5C111E385D3C0188508F93C'),('0007','Gacela','Ernie','F','Messenger',0.00,'','',0,0,'','','','','',NULL,NULL,'0002334432','F779A9F2B0D511E3A0ECC0188508F93C'),('0038','Pepe','Raymund Burce','P','Installer',0.00,'','',0,0,'','','','','',NULL,NULL,'0002015228','F8B3A82CB0D611E3A0ECC0188508F93C'),('0012','Apoloy','Edwin','C','Leadman',0.00,'','',0,0,'','','','','',NULL,NULL,'0002353874','FA4EA23DA5C211E385D3C0188508F93C');
/*!40000 ALTER TABLE `employee` ENABLE KEYS */;
UNLOCK TABLES;

--
-- Table structure for table `timelog`
--

DROP TABLE IF EXISTS `timelog`;
/*!40101 SET @saved_cs_client     = @@character_set_client */;
/*!40101 SET character_set_client = utf8 */;
CREATE TABLE `timelog` (
  `employeeid` char(32) NOT NULL,
  `datetime` datetime NOT NULL,
  `txncode` char(2) NOT NULL,
  `entrytype` tinyint(4) unsigned NOT NULL,
  `terminalid` char(10) NOT NULL,
  `id` char(32) NOT NULL DEFAULT '',
  PRIMARY KEY (`id`),
  KEY `EMPLOYEEID` (`employeeid`),
  KEY `TERMINALID` (`terminalid`)
) ENGINE=InnoDB DEFAULT CHARSET=utf8;
/*!40101 SET character_set_client = @saved_cs_client */;

--
-- Dumping data for table `timelog`
--

LOCK TABLES `timelog` WRITE;
/*!40000 ALTER TABLE `timelog` DISABLE KEYS */;
INSERT INTO `timelog` VALUES ('8C774A47A5C111E385D3C0188508F93C','2014-03-10 05:04:46','ti',1,'plant','03D0F586A83311E392E4C0188508F93C'),('39F8BB6BA5C211E385D3C0188508F93C','2014-03-10 03:17:25','ti',1,'plant','049CF93DA82411E392E4C0188508F93C'),('E4D8125BA5C211E385D3C0188508F93C','2014-03-10 02:48:47','ti',1,'plant','04B73FF5A82011E392E4C0188508F93C'),('E4D8125BA5C211E385D3C0188508F93C','2014-03-10 02:48:50','to',1,'plant','066F7DC5A82011E392E4C0188508F93C'),('86B54768A5C211E385D3C0188508F93C','2014-03-10 05:04:50','to',1,'plant','0681E5F1A83311E392E4C0188508F93C'),('B2A25569A5C111E385D3C0188508F93C','2014-03-10 03:17:29','to',1,'plant','07656B9CA82411E392E4C0188508F93C'),('27C819F9A5C211E385D3C0188508F93C','2014-03-10 04:14:47','ti',1,'plant','08958B78A82C11E392E4C0188508F93C'),('39F8BB6BA5C211E385D3C0188508F93C','2014-03-10 05:05:06','to',1,'plant','0FB4176AA83311E392E4C0188508F93C'),('CBBE8D92A5C211E385D3C0188508F93C','2014-03-10 04:15:00','to',1,'plant','104D277BA82C11E392E4C0188508F93C'),('E4D8125BA5C211E385D3C0188508F93C','2014-03-08 10:40:59','ti',1,'plant','153471A2A66B11E3826AC0188508F93C'),('19A04526A5C311E385D3C0188508F93C','2014-03-10 02:20:37','ti',1,'plant','15AF5D4DA81C11E392E4C0188508F93C'),('B2A25569A5C111E385D3C0188508F93C','2014-03-10 05:05:19','ti',1,'plant','17AEF1DFA83311E392E4C0188508F93C'),('E4D8125BA5C211E385D3C0188508F93C','2014-03-10 04:15:15','ti',1,'plant','1964199AA82C11E392E4C0188508F93C'),('513FE18CA5C211E385D3C0188508F93C','2014-03-10 05:05:26','to',1,'plant','1C004711A83311E392E4C0188508F93C'),('513FE18CA5C211E385D3C0188508F93C','2014-03-10 05:05:29','ti',1,'plant','1D9CED8DA83311E392E4C0188508F93C'),('19A04526A5C311E385D3C0188508F93C','2014-03-10 05:05:34','to',1,'plant','2048A616A83311E392E4C0188508F93C'),('FA4EA23DA5C211E385D3C0188508F93C','2014-03-10 04:15:27','ti',1,'plant','208DE756A82C11E392E4C0188508F93C'),('19A04526A5C311E385D3C0188508F93C','2014-03-10 05:05:37','ti',1,'plant','227845B9A83311E392E4C0188508F93C'),('19A04526A5C311E385D3C0188508F93C','2014-03-10 05:05:42','to',1,'plant','2533325EA83311E392E4C0188508F93C'),('19A04526A5C311E385D3C0188508F93C','2014-03-10 03:18:23','ti',1,'plant','273A88B6A82411E392E4C0188508F93C'),('99265B80A5C211E385D3C0188508F93C','2014-03-10 05:05:46','to',1,'plant','27E2955BA83311E392E4C0188508F93C'),('27C819F9A5C211E385D3C0188508F93C','2014-03-10 04:08:34','ti',1,'plant','2A2107B5A82B11E392E4C0188508F93C'),('EF1A4568A5C111E385D3C0188508F93C','2014-03-10 05:05:53','ti',1,'plant','2C155C06A83311E392E4C0188508F93C'),('513FE18CA5C211E385D3C0188508F93C','2014-03-10 03:25:41','to',1,'plant','2CAA1DBDA82511E392E4C0188508F93C'),('513FE18CA5C211E385D3C0188508F93C','2014-03-10 03:25:50','ti',1,'plant','31FC29A2A82511E392E4C0188508F93C'),('E4D8125BA5C211E385D3C0188508F93C','2014-03-10 02:50:05','ti',1,'plant','3314D5D2A82011E392E4C0188508F93C'),('27C819F9A5C211E385D3C0188508F93C','2014-03-10 04:01:41','ti',1,'plant','342CE6F0A82A11E392E4C0188508F93C'),('27C819F9A5C211E385D3C0188508F93C','2014-03-10 04:08:55','ti',1,'plant','369D9AA8A82B11E392E4C0188508F93C'),('86B54768A5C211E385D3C0188508F93C','2014-03-10 01:45:48','ti',1,'plant','387D802FA81711E392E4C0188508F93C'),('E4D8125BA5C211E385D3C0188508F93C','2014-03-08 01:55:24','to',1,'plant','3DBEEAC1A68611E3826AC0188508F93C'),('D02DFC8CA5C111E385D3C0188508F93C','2014-03-09 02:30:19','ti',1,'plant','49044B9DA75411E38C16C0188508F93C'),('19A04526A5C311E385D3C0188508F93C','2014-03-10 02:22:04','ti',1,'plant','49335640A81C11E392E4C0188508F93C'),('6A1EC3BBA5C211E385D3C0188508F93C','2014-03-10 11:37:33','to',1,'plant','4E130DDBA80511E392E4C0188508F93C'),('D02DFC8CA5C111E385D3C0188508F93C','2014-03-09 11:24:23','ti',1,'plant','4FD7DF98A73A11E38C16C0188508F93C'),('EF1A4568A5C111E385D3C0188508F93C','2014-03-09 11:38:48','ti',1,'plant','53455F97A73C11E38C16C0188508F93C'),('8C774A47A5C111E385D3C0188508F93C','2014-03-08 10:35:40','ti',1,'plant','56BCC0BCA66A11E3826AC0188508F93C'),('EF1A4568A5C111E385D3C0188508F93C','2014-03-09 10:56:00','ti',1,'plant','5845E65AA73611E38C16C0188508F93C'),('86B54768A5C211E385D3C0188508F93C','2014-03-10 11:45:04','ti',1,'plant','5A7961BAA80611E392E4C0188508F93C'),('86B54768A5C211E385D3C0188508F93C','2014-03-10 11:45:08','to',1,'plant','5D1EB793A80611E392E4C0188508F93C'),('513FE18CA5C211E385D3C0188508F93C','2014-03-10 03:27:03','ti',1,'plant','5D924C7DA82511E392E4C0188508F93C'),('8C774A47A5C111E385D3C0188508F93C','2014-03-08 10:50:12','ti',1,'plant','5ECB4E69A66C11E3826AC0188508F93C'),('8C774A47A5C111E385D3C0188508F93C','2014-03-10 11:31:06','to',1,'plant','6734447FA80411E392E4C0188508F93C'),('86B54768A5C211E385D3C0188508F93C','2014-03-10 11:45:26','ti',1,'plant','67DEBDC5A80611E392E4C0188508F93C'),('8C774A47A5C111E385D3C0188508F93C','2014-03-07 06:15:31','ti',1,'plant','69427592A5E111E385D3C0188508F93C'),('D02DFC8CA5C111E385D3C0188508F93C','2014-03-09 12:08:05','to',1,'plant','6A4C0184A74011E38C16C0188508F93C'),('EF1A4568A5C111E385D3C0188508F93C','2014-03-09 11:03:42','ti',1,'plant','6BDF81BFA73711E38C16C0188508F93C'),('86B54768A5C211E385D3C0188508F93C','2014-03-10 11:45:38','ti',1,'plant','6F1B5603A80611E392E4C0188508F93C'),('86B54768A5C211E385D3C0188508F93C','2014-03-10 11:45:42','to',1,'plant','7170ACF6A80611E392E4C0188508F93C'),('86B54768A5C211E385D3C0188508F93C','2014-03-10 11:45:46','to',1,'plant','73DB4586A80611E392E4C0188508F93C'),('EF1A4568A5C111E385D3C0188508F93C','2014-03-09 03:00:09','ti',1,'plant','73EC8DDDA75811E38C16C0188508F93C'),('6A1EC3BBA5C211E385D3C0188508F93C','2014-03-10 11:38:38','to',1,'plant','74A29131A80511E392E4C0188508F93C'),('D02DFC8CA5C111E385D3C0188508F93C','2014-03-09 11:54:04','ti',1,'plant','75313088A73E11E38C16C0188508F93C'),('6A1EC3BBA5C211E385D3C0188508F93C','2014-03-10 11:31:37','to',1,'plant','79CAA79AA80411E392E4C0188508F93C'),('E4D8125BA5C211E385D3C0188508F93C','2014-03-10 02:44:54','ti',1,'plant','7A37C31AA81F11E392E4C0188508F93C'),('B2A25569A5C111E385D3C0188508F93C','2014-03-10 03:20:42','ti',1,'plant','7A6E0FBBA82411E392E4C0188508F93C'),('19A04526A5C311E385D3C0188508F93C','2014-03-10 03:20:48','to',1,'plant','7DA84253A82411E392E4C0188508F93C'),('D02DFC8CA5C111E385D3C0188508F93C','2014-03-09 11:50:09','ti',1,'plant','7EC40500A7A211E392E4C0188508F93C'),('86B54768A5C211E385D3C0188508F93C','2014-03-10 01:47:47','ti',1,'plant','7F3AC6D0A81711E392E4C0188508F93C'),('86B54768A5C211E385D3C0188508F93C','2014-03-10 01:47:49','to',1,'plant','8078BE97A81711E392E4C0188508F93C'),('19A04526A5C311E385D3C0188508F93C','2014-03-10 02:52:19','ti',1,'plant','83153235A82011E392E4C0188508F93C'),('19A04526A5C311E385D3C0188508F93C','2014-03-10 02:45:10','to',1,'plant','83563D8DA81F11E392E4C0188508F93C'),('86B54768A5C211E385D3C0188508F93C','2014-03-10 01:47:56','ti',1,'plant','84BF58AAA81711E392E4C0188508F93C'),('E4D8125BA5C211E385D3C0188508F93C','2014-03-08 11:19:56','ti',1,'plant','8654B327A67011E3826AC0188508F93C'),('EF1A4568A5C111E385D3C0188508F93C','2014-03-09 02:53:32','ti',1,'plant','877D18A8A75711E38C16C0188508F93C'),('EF1A4568A5C111E385D3C0188508F93C','2014-03-09 02:25:01','ti',1,'plant','8BAC2273A75311E38C16C0188508F93C'),('513FE18CA5C211E385D3C0188508F93C','2014-03-10 03:14:06','ti',1,'plant','8E194FD6A82311E392E4C0188508F93C'),('27C819F9A5C211E385D3C0188508F93C','2014-03-10 02:16:56','ti',1,'plant','91D4EB5CA81B11E392E4C0188508F93C'),('EF1A4568A5C111E385D3C0188508F93C','2014-03-09 10:43:18','ti',1,'plant','92B72A44A73411E38C16C0188508F93C'),('E4D8125BA5C211E385D3C0188508F93C','2014-03-10 02:45:36','to',1,'plant','93005024A81F11E392E4C0188508F93C'),('D02DFC8CA5C111E385D3C0188508F93C','2014-03-09 11:55:01','ti',1,'plant','96F3F40EA73E11E38C16C0188508F93C'),('EF1A4568A5C111E385D3C0188508F93C','2014-03-09 02:46:53','ti',1,'plant','99B14C2DA75611E38C16C0188508F93C'),('E4D8125BA5C211E385D3C0188508F93C','2014-03-10 02:46:02','ti',1,'plant','A25DC952A81F11E392E4C0188508F93C'),('86B54768A5C211E385D3C0188508F93C','2014-03-10 01:48:56','ti',1,'plant','A872827AA81711E392E4C0188508F93C'),('65CBC7C0B0D711E3A0ECC0188508F93C','2014-03-21 05:10:42','ti',1,'plant','A9AA00BFB0D811E3A0ECC0188508F93C'),('E4D8125BA5C211E385D3C0188508F93C','2014-03-10 02:46:18','to',1,'plant','AC1DB01AA81F11E392E4C0188508F93C'),('8C774A47A5C111E385D3C0188508F93C','2014-03-08 10:52:40','ti',1,'plant','B6EEEADDA66C11E3826AC0188508F93C'),('EF1A4568A5C111E385D3C0188508F93C','2014-03-09 02:47:45','ti',1,'plant','B854C9F5A75611E38C16C0188508F93C'),('E4D8125BA5C211E385D3C0188508F93C','2014-03-08 11:00:10','ti',1,'plant','C2F8F359A66D11E3826AC0188508F93C'),('513FE18CA5C211E385D3C0188508F93C','2014-03-10 03:15:43','ti',1,'plant','C7F05E7FA82311E392E4C0188508F93C'),('EF1A4568A5C111E385D3C0188508F93C','2014-03-09 11:06:18','ti',1,'plant','C8C3A6C4A73711E38C16C0188508F93C'),('27C819F9A5C211E385D3C0188508F93C','2014-03-10 03:15:51','ti',1,'plant','CCE1E6A1A82311E392E4C0188508F93C'),('CBBE8D92A5C211E385D3C0188508F93C','2014-03-10 03:15:55','ti',1,'plant','CF697FE9A82311E392E4C0188508F93C'),('E4D8125BA5C211E385D3C0188508F93C','2014-03-08 10:53:23','ti',1,'plant','D0953C7FA66C11E3826AC0188508F93C'),('E4D8125BA5C211E385D3C0188508F93C','2014-03-10 03:16:01','ti',1,'plant','D2DF23C2A82311E392E4C0188508F93C'),('FA4EA23DA5C211E385D3C0188508F93C','2014-03-10 03:16:05','ti',1,'plant','D54B07A1A82311E392E4C0188508F93C'),('19A04526A5C311E385D3C0188508F93C','2014-03-10 03:16:10','ti',1,'plant','D80B9D80A82311E392E4C0188508F93C'),('8C774A47A5C111E385D3C0188508F93C','2014-03-10 03:16:16','to',1,'plant','DB7AEB24A82311E392E4C0188508F93C'),('19A04526A5C311E385D3C0188508F93C','2014-03-10 03:30:39','ti',1,'plant','DE3DA98DA82511E392E4C0188508F93C'),('D02DFC8CA5C111E385D3C0188508F93C','2014-03-10 03:16:20','ti',1,'plant','DE47803EA82311E392E4C0188508F93C'),('34E91606A5C311E385D3C0188508F93C','2014-03-10 03:16:27','ti',1,'plant','E1F23F72A82311E392E4C0188508F93C'),('6A1EC3BBA5C211E385D3C0188508F93C','2014-03-10 03:16:31','ti',1,'plant','E487057CA82311E392E4C0188508F93C'),('E4D8125BA5C211E385D3C0188508F93C','2014-03-08 10:39:40','ti',1,'plant','E647C96AA66A11E3826AC0188508F93C'),('99265B80A5C211E385D3C0188508F93C','2014-03-10 01:43:33','ti',1,'plant','E7BFFA48A81611E392E4C0188508F93C'),('EF1A4568A5C111E385D3C0188508F93C','2014-03-10 03:16:38','ti',1,'plant','E891052EA82311E392E4C0188508F93C'),('E4D8125BA5C211E385D3C0188508F93C','2014-03-08 10:46:54','ti',1,'plant','E8E97AE7A66B11E3826AC0188508F93C'),('2F83C260A5BF11E385D3C0188508F93C','2014-03-10 03:16:49','ti',1,'plant','EF2264A6A82311E392E4C0188508F93C'),('EF1A4568A5C111E385D3C0188508F93C','2014-03-09 11:43:15','ti',1,'plant','F20D74F2A73C11E38C16C0188508F93C'),('99265B80A5C211E385D3C0188508F93C','2014-03-10 03:16:55','ti',1,'plant','F31EF542A82311E392E4C0188508F93C'),('99265B80A5C211E385D3C0188508F93C','2014-03-10 03:16:56','to',1,'plant','F33AF375A82311E392E4C0188508F93C'),('D02DFC8CA5C111E385D3C0188508F93C','2014-03-09 11:00:21','ti',1,'plant','F42CEC3AA73611E38C16C0188508F93C'),('86B54768A5C211E385D3C0188508F93C','2014-03-10 03:17:01','ti',1,'plant','F69F46BFA82311E392E4C0188508F93C'),('D02DFC8CA5C111E385D3C0188508F93C','2014-03-09 10:46:08','ti',1,'plant','F7732F12A73411E38C16C0188508F93C'),('513FE18CA5C211E385D3C0188508F93C','2014-03-09 03:46:48','ti',1,'plant','F863E073A75E11E38C16C0188508F93C'),('B4AE6792A5C211E385D3C0188508F93C','2014-03-10 03:17:05','to',1,'plant','F91DDDDEA82311E392E4C0188508F93C'),('D02DFC8CA5C111E385D3C0188508F93C','2014-03-09 11:07:46','ti',1,'plant','FD21E8C5A73711E38C16C0188508F93C'),('D02DFC8CA5C111E385D3C0188508F93C','2014-03-09 10:53:28','ti',1,'plant','FDF4BB26A73511E38C16C0188508F93C');
/*!40000 ALTER TABLE `timelog` ENABLE KEYS */;
UNLOCK TABLES;

--
-- Table structure for table `user`
--

DROP TABLE IF EXISTS `user`;
/*!40101 SET @saved_cs_client     = @@character_set_client */;
/*!40101 SET character_set_client = utf8 */;
CREATE TABLE `user` (
  `id` varchar(32) COLLATE utf8_unicode_ci NOT NULL,
  `email` varchar(40) COLLATE utf8_unicode_ci NOT NULL,
  `password` varchar(255) COLLATE utf8_unicode_ci NOT NULL,
  `name` varchar(255) COLLATE utf8_unicode_ci DEFAULT NULL,
  `admin` tinyint(1) DEFAULT '0',
  `username` varchar(50) COLLATE utf8_unicode_ci NOT NULL,
  PRIMARY KEY (`id`)
) ENGINE=InnoDB DEFAULT CHARSET=utf8 COLLATE=utf8_unicode_ci;
/*!40101 SET character_set_client = @saved_cs_client */;

--
-- Dumping data for table `user`
--

LOCK TABLES `user` WRITE;
/*!40000 ALTER TABLE `user` DISABLE KEYS */;
INSERT INTO `user` VALUES ('9a5f24f2824111e2b7ed5404a67007db','dylim@mfi.com','$2y$10$F7KdF.o7l/VMm1vE6TmRNuM0KikaT3nIgqX34oN1ikFldEHkLQ5wq','Dennis Lim',0,'dylim'),('9a5f24f2824111e2b7ed5404a67007de','jrsalunga@mfi.com','$2y$10$.lMVDizSR0FrxBTF1JW5H.YUtbvfe23rbXSnM/MUoAj1wox20ZO5q','Jefferson Salunga',1,'jrsalunga');
/*!40000 ALTER TABLE `user` ENABLE KEYS */;
UNLOCK TABLES;
/*!40103 SET TIME_ZONE=@OLD_TIME_ZONE */;

/*!40101 SET SQL_MODE=@OLD_SQL_MODE */;
/*!40014 SET FOREIGN_KEY_CHECKS=@OLD_FOREIGN_KEY_CHECKS */;
/*!40014 SET UNIQUE_CHECKS=@OLD_UNIQUE_CHECKS */;
/*!40101 SET CHARACTER_SET_CLIENT=@OLD_CHARACTER_SET_CLIENT */;
/*!40101 SET CHARACTER_SET_RESULTS=@OLD_CHARACTER_SET_RESULTS */;
/*!40101 SET COLLATION_CONNECTION=@OLD_COLLATION_CONNECTION */;
/*!40111 SET SQL_NOTES=@OLD_SQL_NOTES */;

-- Dump completed on 2014-03-24 11:52:05
